<Ecml><UpdateChannelGroup><TID>E9-1</TID><ChannelGroupId>cg20</ChannelGroupId><PonSystemId>AE8</PonSystemId><ChannelTerminations><ChannelTermination>2/1/xp1</ChannelTermination><PonId>ABCD2101</PonId></ChannelTerminations><ChannelTerminations><ChannelTermination>2/1/xp2</ChannelTermination><PonId>ABCD2102</PonId></ChannelTerminations><ChannelTerminations><ChannelTermination>2/1/xp3</ChannelTermination><PonId>ABCD2103</PonId></ChannelTerminations><ChannelTerminations><ChannelTermination>2/1/xp5</ChannelTermination><PonId>ABCD2105</PonId></ChannelTerminations></UpdateChannelGroup></Ecml>